{
    "keep": {
        "days": true,
        "amount": 14
    },
    "auditLog": "log\\.6c1a1f7b9023a40cab0375214d702bb453b1bc33-audit.json",
    "files": [
        {
            "date": 1730959464409,
            "name": "log\\2024-11-07-smart-push.log",
            "hash": "3f792ac82284727270bbc1045184cba4c12f2109d4a01b65ce7edcc244522359"
        },
        {
            "date": 1730992827171,
            "name": "log\\2024-11-08-smart-push.log",
            "hash": "e4ba1897161e30a8a5d2b3f76580b8bf1d2a89017b9dae0af08c64ecccba3446"
        }
    ],
    "hashType": "sha256"
}